,Unnamed: 0,day,shift,subject,level,student,teacher,is_primary_slot,actual_subject,slot_type,is_prefer
0,0,9,6,math,middle,st_3,Teacher_9,1,math,seasonal_slot,0
1,1,9,8,science,middle,st_4,Teacher_2,0,science,seasonal_slot,0
2,2,9,6,social_science,middle,st_4,Teacher_3,1,social_science,seasonal_slot,0
3,3,9,7,english,middle,st_4,Teacher_9,1,english,seasonal_slot,0
4,4,9,8,math,middle,st_5,Teacher_6,0,math,sd_slot,0
5,5,9,9,math,middle,st_6,Teacher_4,0,math,seasonal_slot,0
6,6,9,5,math,middle,st_8,Teacher_4,1,math,seasonal_slot,0
7,7,9,9,math,middle,st_8,Teacher_6,0,math,seasonal_slot,0
8,8,9,9,english,high,st_10,Teacher_3,0,english,seasonal_slot,0
9,9,9,7,science,middle,st_11,Teacher_2,1,science,seasonal_slot,0
10,10,9,8,literature,middle,st_11,Teacher_3,0,literature,sd_slot,0
11,11,9,9,science,middle,st_11,Teacher_11,0,science,seasonal_slot,1
12,12,9,8,english,middle,st_12,Teacher_9,0,english,seasonal_slot,0
13,13,9,7,social_science,middle,st_12,Teacher_11,1,social_science,seasonal_slot,1
14,14,9,6,literature,middle,st_13,Teacher_2,1,literature,seasonal_slot,0
15,15,9,8,literature,middle,st_13,Teacher_3,0,literature,seasonal_slot,0
16,16,9,7,math,middle,st_15,Teacher_4,1,math,seasonal_slot,0
17,17,9,6,english,middle,st_15,Teacher_6,1,english,seasonal_slot,0
18,18,9,8,english,middle,st_24,Teacher_8,0,english,seasonal_slot,0
19,19,9,9,science,middle,st_24,Teacher_11,0,science,seasonal_slot,1
20,20,9,5,english,12_high,st_25,Teacher_10,1,english,sd_slot,0
21,21,9,5,math,middle,st_26,Teacher_4,1,math,sd_slot,0
22,22,9,6,math,middle,st_26,Teacher_10,1,math,sd_slot,0
23,23,9,7,math,middle,st_29,Teacher_8,1,math,seasonal_slot,0
24,24,9,6,math,middle,st_31,Teacher_10,1,math,sd_slot,0
25,25,9,6,math,middle,st_32,Teacher_10,1,math,sd_slot,0
26,26,9,9,math,middle,st_33,Teacher_6,0,math,sd_slot,0
27,27,9,9,math,middle,st_35,Teacher_4,0,math,sd_slot,0
28,28,9,9,math,middle,st_38,Teacher_4,0,math,seasonal_slot,0
29,29,9,6,social_science,middle,st_39,Teacher_3,1,social_science,seasonal_slot,0
30,30,9,7,math,middle,st_39,Teacher_8,1,math,seasonal_slot,0
31,31,9,6,math,middle,st_43,Teacher_8,1,math,seasonal_slot,0
32,32,9,9,science,middle,st_43,Teacher_11,0,science,seasonal_slot,1
33,33,9,8,math,elemetary,st_44,Teacher_11,0,math,seasonal_slot,1
34,34,9,8,english,middle,st_47,Teacher_8,0,english,seasonal_slot,0
35,35,9,5,math,middle,st_49,Teacher_4,1,math,seasonal_slot,0
36,36,9,6,math,middle,st_49,Teacher_8,1,math,seasonal_slot,0
37,37,9,8,literature,middle,st_54,Teacher_3,0,literature,sd_slot,0
38,38,9,9,science,middle,st_54,Teacher_11,0,science,seasonal_slot,1
39,39,11,7,math,middle,st_1,Teacher_4,1,math,seasonal_slot,0
40,40,11,8,english,middle,st_1,Teacher_6,0,english,seasonal_slot,0
41,41,11,9,english,middle,st_1,Teacher_9,0,english,seasonal_slot,0
42,42,11,8,english,middle,st_3,Teacher_5,0,english,sd_slot,0
43,43,11,7,social_science,middle,st_4,Teacher_3,1,social_science,seasonal_slot,0
44,44,11,5,math,middle,st_4,Teacher_6,1,math,seasonal_slot,0
45,45,11,9,science,middle,st_6,Teacher_2,0,science,seasonal_slot,0
46,46,11,8,science,middle,st_8,Teacher_2,0,science,seasonal_slot,0
47,47,11,7,social_science,middle,st_8,Teacher_3,1,social_science,seasonal_slot,0
48,48,11,9,english,high,st_10,Teacher_3,0,english,seasonal_slot,0
49,49,11,9,science,middle,st_11,Teacher_2,0,science,seasonal_slot,0
50,50,11,6,english,middle,st_11,Teacher_10,1,english,seasonal_slot,0
51,51,11,9,science,middle,st_12,Teacher_2,0,science,seasonal_slot,0
52,52,11,8,math,middle,st_12,Teacher_4,0,math,seasonal_slot,0
53,53,11,8,math,middle,st_13,Teacher_4,0,math,seasonal_slot,0
54,54,11,5,math,middle,st_13,Teacher_6,1,math,seasonal_slot,0
55,55,11,8,science,middle,st_15,Teacher_2,0,science,seasonal_slot,0
56,56,11,9,math,middle,st_15,Teacher_6,0,math,seasonal_slot,0
57,57,11,7,social_science,middle,st_16,Teacher_3,1,social_science,seasonal_slot,0
58,58,11,6,math,middle,st_16,Teacher_6,1,math,seasonal_slot,0
59,59,11,6,english,middle,st_17,Teacher_5,1,english,seasonal_slot,0
60,60,11,5,math,middle,st_17,Teacher_6,1,math,seasonal_slot,0
61,61,11,8,science,middle,st_18,Teacher_2,0,science,seasonal_slot,0
62,62,11,6,math,middle,st_18,Teacher_6,1,math,seasonal_slot,0
63,63,11,9,science,middle,st_21,Teacher_2,0,science,seasonal_slot,0
64,64,11,5,english,middle,st_21,Teacher_10,1,english,seasonal_slot,0
65,65,11,7,science,middle,st_21,Teacher_11,1,science,seasonal_slot,1
66,66,11,8,math,middle,st_24,Teacher_9,0,math,seasonal_slot,0
67,67,11,9,english,middle,st_24,Teacher_9,0,english,seasonal_slot,0
68,68,11,9,science,middle,st_29,Teacher_2,0,science,sd_slot,0
69,69,11,8,math,middle,st_36,Teacher_9,0,math,seasonal_slot,0
70,70,11,9,english,middle,st_38,Teacher_4,0,english,seasonal_slot,0
71,71,11,8,math,middle,st_39,Teacher_9,0,math,seasonal_slot,0
72,72,11,7,english,middle,st_39,Teacher_10,1,english,seasonal_slot,0
73,73,11,7,english,middle,st_43,Teacher_5,1,english,seasonal_slot,0
74,74,11,9,math,middle,st_43,Teacher_6,0,math,seasonal_slot,0
75,75,11,8,math,elemetary,st_44,Teacher_11,0,math,seasonal_slot,1
76,76,11,6,english,middle,st_46,Teacher_5,1,english,seasonal_slot,0
77,77,11,5,english,middle,st_47,Teacher_10,1,english,seasonal_slot,0
78,78,11,6,math,middle,st_48,Teacher_6,1,math,seasonal_slot,0
79,79,11,5,english,middle,st_48,Teacher_10,1,english,seasonal_slot,0
80,80,11,5,math,middle,st_49,Teacher_5,1,math,seasonal_slot,0
81,81,11,7,science,middle,st_49,Teacher_11,1,science,seasonal_slot,1
82,82,11,7,math,middle,st_50,Teacher_4,1,math,seasonal_slot,0
83,83,11,7,math,elemetary,st_51,Teacher_6,1,math,seasonal_slot,0
84,84,11,7,english,middle,st_53,Teacher_9,1,english,seasonal_slot,0
85,85,11,6,english,middle,st_53,Teacher_10,1,english,seasonal_slot,0
86,86,12,8,social_science,middle,st_1,Teacher_2,0,social_science,seasonal_slot,0
87,87,12,9,math,middle,st_1,Teacher_6,0,math,seasonal_slot,0
88,88,12,7,english,middle,st_1,Teacher_10,1,english,seasonal_slot,0
89,89,12,7,english,middle,st_3,Teacher_10,1,english,sd_slot,0
90,90,12,6,literature+science+social_science,middle,st_4,Teacher_2,1,literature,seasonal_slot,0
91,91,12,8,literature,middle,st_4,Teacher_3,0,literature,seasonal_slot,0
92,92,12,9,science,middle,st_6,Teacher_2,0,science,seasonal_slot,0
93,93,12,7,science,middle,st_8,Teacher_2,1,science,seasonal_slot,0
94,94,12,9,english,high,st_10,Teacher_3,0,english,seasonal_slot,0
95,95,12,8,literature,middle,st_11,Teacher_3,0,literature,sd_slot,0
96,96,12,6,math,middle,st_11,Teacher_5,1,math,seasonal_slot,0
97,97,12,9,social_science,middle,st_11,Teacher_11,0,social_science,seasonal_slot,1
98,98,12,9,science,middle,st_12,Teacher_2,0,science,seasonal_slot,0
99,99,12,8,english,middle,st_12,Teacher_7,0,english,seasonal_slot,0
100,100,12,7,social_science,middle,st_13,Teacher_3,1,social_science,seasonal_slot,0
101,101,12,5,english,middle,st_13,Teacher_10,1,english,seasonal_slot,0
102,102,12,8,social_science,middle,st_15,Teacher_2,0,social_science,seasonal_slot,0
103,103,12,6,math,middle,st_15,Teacher_4,1,math,seasonal_slot,0
104,104,12,7,social_science,middle,st_16,Teacher_3,1,social_science,seasonal_slot,0
105,105,12,8,math,middle,st_16,Teacher_4,0,math,seasonal_slot,0
106,106,12,5,english,middle,st_17,Teacher_5,1,english,seasonal_slot,0
107,107,12,6,social_science,middle,st_17,Teacher_11,1,social_science,seasonal_slot,1
108,108,12,6,math,middle,st_18,Teacher_4,1,math,seasonal_slot,0
109,109,12,7,english,middle,st_18,Teacher_10,1,english,seasonal_slot,0
110,110,12,7,science,middle,st_21,Teacher_2,1,science,seasonal_slot,0
111,111,12,8,social_science,middle,st_21,Teacher_2,0,social_science,seasonal_slot,0
112,112,12,9,social_science,middle,st_21,Teacher_11,0,social_science,seasonal_slot,1
113,113,12,8,social_science,middle,st_24,Teacher_2,0,social_science,seasonal_slot,0
114,114,12,9,math,middle,st_24,Teacher_7,0,math,seasonal_slot,0
115,115,12,6,english,12_high,st_25,Teacher_10,1,english,sd_slot,0
116,116,12,6,literature+science+social_science,middle,st_26,Teacher_2,1,literature,sd_slot,0
117,117,12,8,math,middle,st_29,Teacher_5,0,math,seasonal_slot,0
118,118,12,9,math,middle,st_33,Teacher_10,0,math,sd_slot,0
119,119,12,9,math,middle,st_35,Teacher_10,0,math,sd_slot,0
120,120,12,8,math,middle,st_36,Teacher_5,0,math,seasonal_slot,0
121,121,12,7,math,middle,st_37,Teacher_6,1,math,seasonal_slot,0
122,122,12,9,math,middle,st_38,Teacher_4,0,math,seasonal_slot,0
123,123,12,7,math,middle,st_39,Teacher_4,1,math,seasonal_slot,0
124,124,12,6,literature+science+social_science,middle,st_43,Teacher_2,1,science,seasonal_slot,0
125,125,12,6,math,elemetary,st_45,Teacher_6,1,math,seasonal_slot,0
126,126,12,5,english,middle,st_47,Teacher_5,1,english,seasonal_slot,0
127,127,12,5,english,middle,st_48,Teacher_4,1,english,seasonal_slot,0
128,128,12,6,social_science,middle,st_48,Teacher_11,1,social_science,seasonal_slot,1
129,129,12,7,science,middle,st_49,Teacher_2,1,science,seasonal_slot,0
130,130,12,7,science,middle,st_53,Teacher_2,1,science,seasonal_slot,0
131,131,12,6,math,middle,st_53,Teacher_5,1,math,seasonal_slot,0
132,132,12,8,english,middle,st_54,Teacher_7,0,english,seasonal_slot,0
133,133,12,9,social_science,middle,st_54,Teacher_11,0,social_science,seasonal_slot,1
134,134,13,9,math,middle,st_1,Teacher_4,0,math,seasonal_slot,0
135,135,13,7,english,middle,st_1,Teacher_9,1,english,seasonal_slot,0
136,136,13,8,social_science,middle,st_1,Teacher_11,0,social_science,seasonal_slot,1
137,137,13,7,math,middle,st_3,Teacher_10,1,math,seasonal_slot,0
138,138,13,7,literature+science+social_science,middle,st_4,Teacher_2,1,literature,seasonal_slot,0
139,139,13,5,math,middle,st_4,Teacher_4,1,math,seasonal_slot,0
140,140,13,8,social_science,middle,st_4,Teacher_11,0,social_science,seasonal_slot,1
141,141,13,9,math,middle,st_6,Teacher_10,0,math,seasonal_slot,0
142,142,13,6,english,middle,st_8,Teacher_4,1,english,seasonal_slot,0
143,143,13,9,english,middle,st_8,Teacher_5,0,english,seasonal_slot,0
144,144,13,8,social_science,middle,st_11,Teacher_2,0,social_science,seasonal_slot,0
145,145,13,7,social_science,middle,st_11,Teacher_3,1,social_science,seasonal_slot,0
146,146,13,9,science,middle,st_11,Teacher_11,0,science,seasonal_slot,1
147,147,13,7,literature+science+social_science,middle,st_12,Teacher_2,1,science,seasonal_slot,0
148,148,13,8,social_science,middle,st_12,Teacher_11,0,social_science,seasonal_slot,1
149,149,13,5,english,middle,st_13,Teacher_10,1,english,seasonal_slot,0
150,150,13,7,science,middle,st_13,Teacher_11,1,science,seasonal_slot,1
151,151,13,8,science,middle,st_15,Teacher_3,0,science,seasonal_slot,0
152,152,13,9,english,middle,st_15,Teacher_8,0,english,seasonal_slot,0
153,153,13,8,science,middle,st_16,Teacher_3,0,science,seasonal_slot,0
154,154,13,7,science,middle,st_16,Teacher_11,1,science,seasonal_slot,1
155,155,13,6,math,middle,st_17,Teacher_9,1,math,seasonal_slot,0
156,156,13,7,science,middle,st_17,Teacher_11,1,science,seasonal_slot,1
157,157,13,9,english,middle,st_19,Teacher_5,0,english,sd_slot,0
158,158,13,8,social_science,middle,st_29,Teacher_11,0,social_science,sd_slot,1
159,159,13,6,math,middle,st_31,Teacher_9,1,math,sd_slot,0
160,160,13,5,math,middle,st_37,Teacher_9,1,math,seasonal_slot,0
161,161,13,9,math,middle,st_38,Teacher_10,0,math,seasonal_slot,0
162,162,13,8,english,middle,st_39,Teacher_9,0,english,seasonal_slot,0
163,163,13,6,english,middle,st_43,Teacher_4,1,english,seasonal_slot,0
164,164,13,9,english,middle,st_43,Teacher_8,0,english,seasonal_slot,0
165,165,13,5,math,elemetary,st_44,Teacher_5,1,math,seasonal_slot,0
166,166,13,6,math,elemetary,st_45,Teacher_10,1,math,sd_slot,0
167,167,13,5,math,middle,st_47,Teacher_4,1,math,seasonal_slot,0
168,168,13,9,science,middle,st_47,Teacher_11,0,science,seasonal_slot,1
169,169,13,5,math,middle,st_48,Teacher_9,1,math,seasonal_slot,0
170,170,13,7,math,middle,st_48,Teacher_10,1,math,seasonal_slot,0
171,171,13,8,social_science,middle,st_48,Teacher_11,0,social_science,seasonal_slot,1
172,172,13,5,math,middle,st_49,Teacher_4,1,math,seasonal_slot,0
173,173,13,7,science,middle,st_49,Teacher_11,1,science,seasonal_slot,1
174,174,13,7,english,middle,st_53,Teacher_5,1,english,seasonal_slot,0
175,175,13,9,math,middle,st_53,Teacher_7,0,math,seasonal_slot,0
176,176,15,8,social_science,middle,st_1,Teacher_3,0,social_science,seasonal_slot,0
177,177,15,7,science,middle,st_1,Teacher_11,1,science,seasonal_slot,1
178,178,15,9,science,middle,st_1,Teacher_11,0,science,seasonal_slot,1
179,179,15,7,social_science,middle,st_3,Teacher_3,1,social_science,sd_slot,0
180,180,15,6,english,middle,st_4,Teacher_4,1,english,seasonal_slot,0
181,181,15,7,english,middle,st_4,Teacher_10,1,english,seasonal_slot,0
182,182,15,9,math,middle,st_6,Teacher_4,0,math,seasonal_slot,0
183,183,15,5,math,middle,st_8,Teacher_4,1,math,seasonal_slot,0
184,184,15,9,science,middle,st_8,Teacher_11,0,science,seasonal_slot,1
185,185,15,7,social_science,middle,st_11,Teacher_3,1,social_science,seasonal_slot,0
186,186,15,6,english,middle,st_11,Teacher_4,1,english,seasonal_slot,0
187,187,15,9,science,middle,st_11,Teacher_11,0,science,seasonal_slot,1
188,188,15,8,math,middle,st_12,Teacher_10,0,math,seasonal_slot,0
189,189,15,7,science,middle,st_12,Teacher_11,1,science,seasonal_slot,1
190,190,15,5,english,middle,st_13,Teacher_10,1,english,seasonal_slot,0
191,191,15,7,science,middle,st_13,Teacher_11,1,science,seasonal_slot,1
192,192,15,8,social_science,middle,st_15,Teacher_3,0,social_science,seasonal_slot,0
193,193,15,9,math,middle,st_15,Teacher_4,0,math,seasonal_slot,0
194,194,15,8,social_science,middle,st_17,Teacher_2,0,social_science,seasonal_slot,0
195,195,15,7,social_science,middle,st_17,Teacher_3,1,social_science,seasonal_slot,0
196,196,15,8,social_science,middle,st_18,Teacher_2,0,social_science,seasonal_slot,0
197,197,15,7,social_science,middle,st_18,Teacher_3,1,social_science,seasonal_slot,0
198,198,15,8,social_science,middle,st_21,Teacher_2,0,social_science,seasonal_slot,0
199,199,15,9,science,middle,st_21,Teacher_3,0,science,seasonal_slot,0
200,200,15,7,science,middle,st_21,Teacher_11,1,science,seasonal_slot,1
201,201,15,8,social_science,middle,st_24,Teacher_3,0,social_science,seasonal_slot,0
202,202,15,9,science,middle,st_24,Teacher_11,0,science,seasonal_slot,1
203,203,15,8,math,12_high,st_25,Teacher_4,0,math,sd_slot,0
204,204,15,9,math,middle,st_29,Teacher_4,0,math,seasonal_slot,0
205,205,15,8,science,middle,st_36,Teacher_11,0,science,seasonal_slot,1
206,206,15,9,english,middle,st_38,Teacher_9,0,english,seasonal_slot,0
207,207,15,9,science,middle,st_39,Teacher_2,0,science,seasonal_slot,0
208,208,15,8,math,middle,st_39,Teacher_10,0,math,seasonal_slot,0
209,209,15,7,english,middle,st_43,Teacher_4,1,english,seasonal_slot,0
210,210,15,6,math,elemetary,st_44,Teacher_10,1,math,sd_slot,0
211,211,15,6,math,elemetary,st_45,Teacher_10,1,math,sd_slot,0
212,212,15,7,science,middle,st_48,Teacher_2,1,science,seasonal_slot,0
213,213,15,5,math,middle,st_48,Teacher_4,1,math,seasonal_slot,0
214,214,15,6,english,middle,st_48,Teacher_4,1,english,seasonal_slot,0
215,215,15,5,math,middle,st_49,Teacher_4,1,math,seasonal_slot,0
216,216,15,6,math,elemetary,st_52,Teacher_10,1,math,seasonal_slot,0
217,217,15,8,social_science,middle,st_53,Teacher_3,0,social_science,seasonal_slot,0
218,218,15,9,math,middle,st_53,Teacher_8,0,math,seasonal_slot,0
219,219,16,8,english,middle,st_1,Teacher_5,0,english,seasonal_slot,0
220,220,16,7,math,middle,st_1,Teacher_8,1,math,seasonal_slot,0
221,221,16,9,math,middle,st_1,Teacher_8,0,math,seasonal_slot,0
222,222,16,8,english,middle,st_3,Teacher_5,0,english,sd_slot,0
223,223,16,7,science,middle,st_4,Teacher_11,1,science,seasonal_slot,1
224,224,16,6,social_science,middle,st_4,Teacher_11,1,social_science,seasonal_slot,1
225,225,16,8,social_science,middle,st_4,Teacher_11,0,social_science,seasonal_slot,1
226,226,16,9,math,middle,st_6,Teacher_4,0,math,seasonal_slot,0
227,227,16,6,math,middle,st_8,Teacher_8,1,math,seasonal_slot,0
228,228,16,8,social_science,middle,st_8,Teacher_11,0,social_science,seasonal_slot,1
229,229,16,6,science,middle,st_11,Teacher_2,1,science,seasonal_slot,0
230,230,16,7,math,middle,st_11,Teacher_8,1,math,seasonal_slot,0
231,231,16,8,social_science,middle,st_11,Teacher_11,0,social_science,seasonal_slot,1
232,232,16,8,social_science,middle,st_12,Teacher_2,0,social_science,seasonal_slot,0
233,233,16,9,english,middle,st_12,Teacher_5,0,english,seasonal_slot,0
234,234,16,6,english,middle,st_15,Teacher_4,1,english,seasonal_slot,0
235,235,16,7,math,middle,st_15,Teacher_5,1,math,seasonal_slot,0
236,236,16,6,science,middle,st_17,Teacher_2,1,science,seasonal_slot,0
237,237,16,7,science,middle,st_17,Teacher_11,1,science,seasonal_slot,1
238,238,16,8,social_science,middle,st_17,Teacher_11,0,social_science,seasonal_slot,1
239,239,16,7,english,middle,st_18,Teacher_4,1,english,seasonal_slot,0
240,240,16,8,english,middle,st_18,Teacher_5,0,english,seasonal_slot,0
241,241,16,6,social_science,middle,st_18,Teacher_11,1,social_science,seasonal_slot,1
242,242,16,9,math,middle,st_24,Teacher_4,0,math,seasonal_slot,0
243,243,16,8,social_science,middle,st_24,Teacher_11,0,social_science,seasonal_slot,1
244,244,16,8,math,12_high,st_25,Teacher_9,0,math,sd_slot,0
245,245,16,5,math,middle,st_26,Teacher_9,1,math,sd_slot,0
246,246,16,9,english,middle,st_29,Teacher_9,0,english,sd_slot,0
247,247,16,6,english,middle,st_32,Teacher_4,1,english,sd_slot,0
248,248,16,9,english,middle,st_33,Teacher_5,0,english,sd_slot,0
249,249,16,9,english,middle,st_35,Teacher_5,0,english,sd_slot,0
250,250,16,7,english,middle,st_36,Teacher_4,1,english,seasonal_slot,0
251,251,16,7,math,middle,st_37,Teacher_5,1,math,sd_slot,0
252,252,16,9,english,middle,st_38,Teacher_9,0,english,seasonal_slot,0
253,253,16,9,math,middle,st_39,Teacher_8,0,math,seasonal_slot,0
254,254,16,6,science,middle,st_43,Teacher_2,1,science,seasonal_slot,0
255,255,16,7,science,middle,st_43,Teacher_11,1,science,seasonal_slot,1
256,256,16,5,math,elemetary,st_44,Teacher_4,1,math,sd_slot,0
257,257,16,7,math,middle,st_46,Teacher_5,1,math,sd_slot,0
258,258,16,6,math,middle,st_46,Teacher_8,1,math,sd_slot,0
259,259,16,9,english,middle,st_47,Teacher_9,0,english,seasonal_slot,0
260,260,16,6,science,middle,st_48,Teacher_2,1,science,seasonal_slot,0
261,261,16,7,science,middle,st_48,Teacher_3,1,science,seasonal_slot,0
262,262,16,5,math,middle,st_48,Teacher_9,1,math,seasonal_slot,0
263,263,16,6,science,middle,st_49,Teacher_2,1,science,seasonal_slot,0
264,264,16,5,math,middle,st_49,Teacher_9,1,math,seasonal_slot,0
265,265,16,9,math,middle,st_54,Teacher_4,0,math,seasonal_slot,0
266,266,16,8,social_science,middle,st_54,Teacher_11,0,social_science,seasonal_slot,1
267,267,18,8,science,middle,st_4,Teacher_2,0,science,seasonal_slot,0
268,268,18,6,english,middle,st_4,Teacher_9,1,english,seasonal_slot,0
269,269,18,7,social_science,middle,st_4,Teacher_11,1,social_science,seasonal_slot,1
270,270,18,8,literature,middle,st_5,Teacher_3,0,literature,seasonal_slot,0
271,271,18,9,math,middle,st_6,Teacher_4,0,math,seasonal_slot,0
272,272,18,5,math,middle,st_7,Teacher_8,1,math,sd_slot,0
273,273,18,5,math,middle,st_8,Teacher_6,1,math,seasonal_slot,0
274,274,18,8,english,middle,st_8,Teacher_6,0,english,seasonal_slot,0
275,275,18,8,science,middle,st_11,Teacher_2,0,science,seasonal_slot,0
276,276,18,7,english,middle,st_11,Teacher_5,1,english,seasonal_slot,0
277,277,18,9,math,middle,st_11,Teacher_6,0,math,seasonal_slot,0
278,278,18,9,math,middle,st_12,Teacher_5,0,math,seasonal_slot,0
279,279,18,7,social_science,middle,st_12,Teacher_11,1,social_science,seasonal_slot,1
280,280,18,7,literature,middle,st_13,Teacher_2,1,literature,seasonal_slot,0
281,281,18,5,math,middle,st_13,Teacher_6,1,math,seasonal_slot,0
282,282,18,6,science,middle,st_15,Teacher_2,1,science,seasonal_slot,0
283,283,18,8,science,middle,st_15,Teacher_2,0,science,seasonal_slot,0
284,284,18,6,science,middle,st_16,Teacher_2,1,science,seasonal_slot,0
285,285,18,7,social_science,middle,st_16,Teacher_11,1,social_science,seasonal_slot,1
286,286,18,6,math,middle,st_17,Teacher_4,1,math,seasonal_slot,0
287,287,18,9,math,middle,st_17,Teacher_6,0,math,seasonal_slot,0
288,288,18,5,english,middle,st_17,Teacher_9,1,english,seasonal_slot,0
289,289,18,8,science,middle,st_18,Teacher_2,0,science,seasonal_slot,0
290,290,18,6,english,middle,st_18,Teacher_8,1,english,seasonal_slot,0
291,291,18,7,social_science,middle,st_18,Teacher_11,1,social_science,seasonal_slot,1
292,292,18,8,science,middle,st_21,Teacher_2,0,science,seasonal_slot,0
293,293,18,5,math,middle,st_21,Teacher_8,1,math,seasonal_slot,0
294,294,18,7,social_science,middle,st_21,Teacher_11,1,social_science,seasonal_slot,1
295,295,18,8,english,middle,st_24,Teacher_6,0,english,seasonal_slot,0
296,296,18,9,english,middle,st_24,Teacher_9,0,english,seasonal_slot,0
297,297,18,8,english,12_high,st_25,Teacher_4,0,english,sd_slot,0
298,298,18,9,math,middle,st_29,Teacher_6,0,math,seasonal_slot,0
299,299,18,6,math,middle,st_32,Teacher_4,1,math,sd_slot,0
300,300,18,8,math,middle,st_36,Teacher_8,0,math,seasonal_slot,0
301,301,18,6,english,middle,st_36,Teacher_9,1,english,seasonal_slot,0
302,302,18,9,math,middle,st_38,Teacher_4,0,math,seasonal_slot,0
303,303,18,9,math,middle,st_39,Teacher_5,0,math,seasonal_slot,0
304,304,18,9,english,middle,st_43,Teacher_9,0,english,seasonal_slot,0
305,305,18,6,literature,elemetary,st_45,Teacher_11,1,literature,sd_slot,1
306,306,18,6,science,middle,st_46,Teacher_2,1,science,seasonal_slot,0
307,307,18,5,math,middle,st_47,Teacher_4,1,math,seasonal_slot,0
308,308,18,7,math,middle,st_47,Teacher_6,1,math,seasonal_slot,0
309,309,18,8,literature,middle,st_48,Teacher_3,0,literature,sd_slot,0
310,310,18,5,math,middle,st_48,Teacher_6,1,math,seasonal_slot,0
311,311,18,7,social_science,middle,st_48,Teacher_11,1,social_science,seasonal_slot,1
312,312,18,7,literature,middle,st_49,Teacher_2,1,literature,seasonal_slot,0
313,313,18,6,literature,middle,st_49,Teacher_3,1,literature,seasonal_slot,0
314,314,18,5,math,middle,st_49,Teacher_8,1,math,seasonal_slot,0
315,315,18,6,science,middle,st_53,Teacher_2,1,science,seasonal_slot,0
316,316,18,9,english,middle,st_53,Teacher_8,0,english,seasonal_slot,0
317,317,19,6,social_science,middle,st_1,Teacher_2,1,social_science,seasonal_slot,0
318,318,19,8,math,middle,st_1,Teacher_7,0,math,seasonal_slot,0
319,319,19,7,english,middle,st_1,Teacher_9,1,english,seasonal_slot,0
320,320,19,7,literature,middle,st_4,Teacher_2,1,literature,seasonal_slot,0
321,321,19,6,social_science,middle,st_4,Teacher_2,1,social_science,sd_slot,0
322,322,19,8,literature,middle,st_5,Teacher_11,0,literature,seasonal_slot,1
323,323,19,9,social_science,middle,st_6,Teacher_2,0,social_science,seasonal_slot,0
324,324,19,8,social_science,middle,st_8,Teacher_3,0,social_science,seasonal_slot,0
325,325,19,5,english,middle,st_8,Teacher_10,1,english,seasonal_slot,0
326,326,19,7,math,middle,st_11,Teacher_5,1,math,seasonal_slot,0
327,327,19,7,social_science,middle,st_12,Teacher_3,1,social_science,seasonal_slot,0
328,328,19,8,english,middle,st_12,Teacher_8,0,english,seasonal_slot,0
329,329,19,7,literature,middle,st_13,Teacher_2,1,literature,seasonal_slot,0
330,330,19,8,math,middle,st_13,Teacher_10,0,math,seasonal_slot,0
331,331,19,6,math,middle,st_15,Teacher_6,1,math,seasonal_slot,0
332,332,19,9,english,middle,st_15,Teacher_9,0,english,seasonal_slot,0
333,333,19,9,social_science,middle,st_16,Teacher_2,0,social_science,seasonal_slot,0
334,334,19,8,english,middle,st_16,Teacher_5,0,english,seasonal_slot,0
335,335,19,5,english,middle,st_17,Teacher_8,1,english,seasonal_slot,0
336,336,19,6,math,middle,st_17,Teacher_10,1,math,seasonal_slot,0
337,337,19,8,math,middle,st_17,Teacher_10,0,math,seasonal_slot,0
338,338,19,8,social_science,middle,st_18,Teacher_3,0,social_science,seasonal_slot,0
339,339,19,6,math,middle,st_18,Teacher_8,1,math,seasonal_slot,0
340,340,19,8,social_science,middle,st_21,Teacher_2,0,social_science,seasonal_slot,0
341,341,19,5,math,middle,st_21,Teacher_4,1,math,seasonal_slot,0
342,342,19,9,math,middle,st_21,Teacher_6,0,math,seasonal_slot,0
343,343,19,8,social_science,middle,st_24,Teacher_3,0,social_science,seasonal_slot,0
344,344,19,9,math,middle,st_24,Teacher_7,0,math,seasonal_slot,0
345,345,19,6,math,middle,st_31,Teacher_10,1,math,sd_slot,0
346,346,19,6,math,middle,st_32,Teacher_6,1,math,sd_slot,0
347,347,19,9,math,middle,st_33,Teacher_7,0,math,sd_slot,0
348,348,19,9,math,middle,st_35,Teacher_4,0,math,sd_slot,0
349,349,19,6,english,middle,st_36,Teacher_9,1,english,seasonal_slot,0
350,350,19,5,math,middle,st_37,Teacher_6,1,math,sd_slot,0
351,351,19,9,english,middle,st_38,Teacher_5,0,english,seasonal_slot,0
352,352,19,9,english,middle,st_43,Teacher_9,0,english,sd_slot,0
353,353,19,5,literature,elemetary,st_44,Teacher_5,1,literature,sd_slot,0
354,354,19,7,literature,elemetary,st_45,Teacher_11,1,literature,sd_slot,1
355,355,19,5,english,middle,st_47,Teacher_10,1,english,seasonal_slot,0
356,356,19,6,math,middle,st_48,Teacher_6,1,math,seasonal_slot,0
357,357,19,5,english,middle,st_48,Teacher_10,1,english,seasonal_slot,0
358,358,19,7,literature,middle,st_49,Teacher_2,1,literature,seasonal_slot,0
359,359,19,5,math,middle,st_49,Teacher_4,1,math,seasonal_slot,0
360,360,19,6,math,middle,st_49,Teacher_8,1,math,seasonal_slot,0
361,361,19,7,math,middle,st_50,Teacher_5,1,math,sd_slot,0
362,362,19,7,math,elemetary,st_51,Teacher_10,1,math,sd_slot,0
363,363,19,6,english,middle,st_53,Teacher_9,1,english,seasonal_slot,0
364,364,19,9,english,middle,st_53,Teacher_9,0,english,sd_slot,0
365,365,19,9,social_science,middle,st_54,Teacher_2,0,social_science,seasonal_slot,0
366,366,19,8,english,middle,st_54,Teacher_5,0,english,seasonal_slot,0
367,367,20,8,social_science,middle,st_1,Teacher_2,0,social_science,seasonal_slot,0
368,368,20,7,math,middle,st_1,Teacher_8,1,math,seasonal_slot,0
369,369,20,6,science,middle,st_1,Teacher_11,1,science,seasonal_slot,1
370,370,20,9,literature,middle,st_4,Teacher_2,0,literature,seasonal_slot,0
371,371,20,6,social_science,middle,st_4,Teacher_3,1,social_science,sd_slot,0
372,372,20,8,english,middle,st_4,Teacher_8,0,english,seasonal_slot,0
373,373,20,9,math,middle,st_6,Teacher_4,0,math,seasonal_slot,0
374,374,20,5,math,middle,st_7,Teacher_8,1,math,sd_slot,0
375,375,20,7,literature+science+social_science,middle,st_8,Teacher_2,1,science,seasonal_slot,0
376,376,20,6,science,middle,st_8,Teacher_11,1,science,seasonal_slot,1
377,377,20,8,social_science,middle,st_11,Teacher_2,0,social_science,seasonal_slot,0
378,378,20,6,social_science,middle,st_11,Teacher_3,1,social_science,seasonal_slot,0
379,379,20,7,math,middle,st_11,Teacher_8,1,math,seasonal_slot,0
380,380,20,8,social_science,middle,st_12,Teacher_2,0,social_science,seasonal_slot,0
381,381,20,9,english,middle,st_12,Teacher_5,0,english,seasonal_slot,0
382,382,20,9,science,middle,st_13,Teacher_3,0,science,seasonal_slot,0
383,383,20,7,social_science,middle,st_13,Teacher_11,1,social_science,seasonal_slot,1
384,384,20,8,social_science,middle,st_15,Teacher_2,0,social_science,seasonal_slot,0
385,385,20,7,social_science,middle,st_15,Teacher_11,1,social_science,seasonal_slot,1
386,386,20,5,math,middle,st_17,Teacher_6,1,math,seasonal_slot,0
387,387,20,6,science,middle,st_17,Teacher_11,1,science,seasonal_slot,1
388,388,20,8,science,middle,st_17,Teacher_11,0,science,seasonal_slot,1
389,389,20,8,math,middle,st_18,Teacher_5,0,math,seasonal_slot,0
390,390,20,6,english,middle,st_18,Teacher_8,1,english,seasonal_slot,0
391,391,20,7,social_science,middle,st_18,Teacher_11,1,social_science,seasonal_slot,1
392,392,20,9,english,middle,st_19,Teacher_5,0,english,sd_slot,0
393,393,20,7,literature+science+social_science,middle,st_21,Teacher_2,1,science,seasonal_slot,0
394,394,20,6,social_science,middle,st_21,Teacher_3,1,social_science,seasonal_slot,0
395,395,20,5,math,middle,st_21,Teacher_8,1,math,seasonal_slot,0
396,396,20,8,social_science,middle,st_24,Teacher_2,0,social_science,seasonal_slot,0
397,397,20,9,math,middle,st_24,Teacher_8,0,math,seasonal_slot,0
398,398,20,8,math,12_high,st_25,Teacher_7,0,math,sd_slot,0
399,399,20,9,math,middle,st_29,Teacher_4,0,math,seasonal_slot,0
400,400,20,7,math,middle,st_36,Teacher_4,1,math,seasonal_slot,0
401,401,20,6,english,middle,st_36,Teacher_8,1,english,seasonal_slot,0
402,402,20,9,english,middle,st_38,Teacher_5,0,english,seasonal_slot,0
403,403,20,9,math,middle,st_43,Teacher_4,0,math,seasonal_slot,0
404,404,20,6,math,elemetary,st_45,Teacher_6,1,math,sd_slot,0
405,405,20,8,social_science,middle,st_47,Teacher_2,0,social_science,seasonal_slot,0
406,406,20,8,social_science,middle,st_48,Teacher_2,0,social_science,seasonal_slot,0
407,407,20,7,math,middle,st_48,Teacher_6,1,math,seasonal_slot,0
408,408,20,6,science,middle,st_48,Teacher_11,1,science,seasonal_slot,1
409,409,20,6,social_science,middle,st_49,Teacher_3,1,social_science,seasonal_slot,0
410,410,20,5,math,middle,st_49,Teacher_4,1,math,seasonal_slot,0
411,411,20,7,social_science,middle,st_49,Teacher_11,1,social_science,seasonal_slot,1
412,412,20,9,science,middle,st_53,Teacher_3,0,science,seasonal_slot,0
413,413,20,7,social_science,middle,st_53,Teacher_11,1,social_science,seasonal_slot,1
414,414,21,5,math,middle,st_4,Teacher_4,1,math,seasonal_slot,0
415,415,21,9,math,middle,st_4,Teacher_8,0,math,seasonal_slot,0
416,416,21,7,english,middle,st_4,Teacher_10,1,english,seasonal_slot,0
417,417,21,8,math,middle,st_5,Teacher_8,0,math,sd_slot,0
418,418,21,9,english,middle,st_6,Teacher_4,0,english,sd_slot,0
419,419,21,7,literature+science+social_science,middle,st_8,Teacher_2,1,science,seasonal_slot,0
420,420,21,5,english,middle,st_8,Teacher_6,1,english,seasonal_slot,0
421,421,21,9,math,middle,st_11,Teacher_6,0,math,seasonal_slot,0
422,422,21,8,science,middle,st_11,Teacher_11,0,science,seasonal_slot,1
423,423,21,6,social_science,middle,st_11,Teacher_11,1,social_science,seasonal_slot,1
424,424,21,8,english,middle,st_12,Teacher_6,0,english,seasonal_slot,0
425,425,21,9,math,middle,st_12,Teacher_8,0,math,seasonal_slot,0
426,426,21,6,science,middle,st_13,Teacher_2,1,science,seasonal_slot,0
427,427,21,5,english,middle,st_13,Teacher_10,1,english,seasonal_slot,0
428,428,21,7,literature+science+social_science,middle,st_15,Teacher_2,1,science,seasonal_slot,0
429,429,21,6,science,middle,st_16,Teacher_2,1,science,seasonal_slot,0
430,430,21,8,science,middle,st_16,Teacher_11,0,science,seasonal_slot,1
431,431,21,6,science,middle,st_17,Teacher_2,1,science,seasonal_slot,0
432,432,21,5,english,middle,st_17,Teacher_6,1,english,seasonal_slot,0
433,433,21,7,social_science,middle,st_17,Teacher_11,1,social_science,seasonal_slot,1
434,434,21,7,literature+science+social_science,middle,st_18,Teacher_2,1,literature,seasonal_slot,0
435,435,21,8,english,middle,st_18,Teacher_5,0,english,seasonal_slot,0
436,436,21,6,math,middle,st_18,Teacher_8,1,math,seasonal_slot,0
437,437,21,7,literature+science+social_science,middle,st_21,Teacher_2,1,science,seasonal_slot,0
438,438,21,5,math,middle,st_21,Teacher_4,1,math,seasonal_slot,0
439,439,21,9,math,middle,st_21,Teacher_6,0,math,seasonal_slot,0
440,440,21,9,math,middle,st_24,Teacher_6,0,math,seasonal_slot,0
441,441,21,8,english,middle,st_24,Teacher_6,0,english,seasonal_slot,0
442,442,21,5,math,12_high,st_25,Teacher_8,1,math,sd_slot,0
443,443,21,9,english,middle,st_29,Teacher_5,0,english,sd_slot,0
444,444,21,6,english,middle,st_31,Teacher_5,1,english,sd_slot,0
445,445,21,6,english,middle,st_32,Teacher_5,1,english,sd_slot,0
446,446,21,6,english,middle,st_36,Teacher_5,1,english,seasonal_slot,0
447,447,21,8,english,middle,st_36,Teacher_10,0,english,seasonal_slot,0
448,448,21,9,math,middle,st_38,Teacher_8,0,math,seasonal_slot,0
449,449,21,7,literature+science+social_science,middle,st_39,Teacher_2,1,science,sd_slot,0
450,450,21,8,english,middle,st_39,Teacher_5,0,english,seasonal_slot,0
451,451,21,9,english,middle,st_43,Teacher_4,0,english,sd_slot,0
452,452,21,6,math,elemetary,st_45,Teacher_10,1,math,sd_slot,0
453,453,21,7,english,middle,st_46,Teacher_10,1,english,seasonal_slot,0
454,454,21,5,english,middle,st_47,Teacher_10,1,english,seasonal_slot,0
455,455,21,8,science,middle,st_47,Teacher_11,0,science,seasonal_slot,1
456,456,21,6,science,middle,st_48,Teacher_2,1,science,seasonal_slot,0
457,457,21,8,literature,middle,st_48,Teacher_3,0,literature,sd_slot,0
458,458,21,7,social_science,middle,st_48,Teacher_11,1,social_science,seasonal_slot,1
459,459,21,7,literature+science+social_science,middle,st_49,Teacher_2,1,literature,seasonal_slot,0
460,460,21,5,math,middle,st_49,Teacher_4,1,math,seasonal_slot,0
461,461,21,6,social_science,middle,st_49,Teacher_11,1,social_science,seasonal_slot,1
462,462,21,7,math,middle,st_53,Teacher_4,1,math,seasonal_slot,0
463,463,21,9,english,middle,st_53,Teacher_5,0,english,sd_slot,0
464,464,21,8,literature,middle,st_54,Teacher_3,0,literature,sd_slot,0
465,465,21,9,english,middle,st_54,Teacher_5,0,english,sd_slot,0
466,466,24,6,english,middle,st_1,Teacher_5,1,english,seasonal_slot,0
467,467,24,8,english,middle,st_1,Teacher_6,0,english,seasonal_slot,0
468,468,24,7,science,middle,st_1,Teacher_11,1,science,seasonal_slot,1
469,469,24,6,english,middle,st_3,Teacher_10,1,english,sd_slot,0
470,470,24,7,literature,middle,st_4,Teacher_2,1,literature,seasonal_slot,0
471,471,24,5,math,middle,st_4,Teacher_4,1,math,seasonal_slot,0
472,472,24,6,math,middle,st_4,Teacher_9,1,math,seasonal_slot,0
473,473,24,7,math,middle,st_8,Teacher_4,1,math,seasonal_slot,0
474,474,24,8,social_science,middle,st_8,Teacher_11,0,social_science,seasonal_slot,1
475,475,24,8,literature,middle,st_11,Teacher_3,0,literature,sd_slot,0
476,476,24,8,math,middle,st_12,Teacher_8,0,math,seasonal_slot,0
477,477,24,7,science,middle,st_12,Teacher_11,1,science,seasonal_slot,1
478,478,24,5,english,middle,st_13,Teacher_10,1,english,seasonal_slot,0
479,479,24,7,science,middle,st_13,Teacher_11,1,science,seasonal_slot,1
480,480,24,6,english,middle,st_15,Teacher_5,1,english,seasonal_slot,0
481,481,24,8,english,middle,st_15,Teacher_6,0,english,seasonal_slot,0
482,482,24,7,english,middle,st_16,Teacher_6,1,english,seasonal_slot,0
483,483,24,6,english,middle,st_16,Teacher_10,1,english,seasonal_slot,0
484,484,24,6,english,middle,st_17,Teacher_5,1,english,seasonal_slot,0
485,485,24,5,english,middle,st_17,Teacher_6,1,english,seasonal_slot,0
486,486,24,7,science,middle,st_17,Teacher_11,1,science,seasonal_slot,1
487,487,24,6,math,middle,st_18,Teacher_6,1,math,seasonal_slot,0
488,488,24,8,english,middle,st_18,Teacher_9,0,english,seasonal_slot,0
489,489,24,8,social_science,middle,st_21,Teacher_2,0,social_science,seasonal_slot,0
490,490,24,7,social_science,middle,st_21,Teacher_3,1,social_science,seasonal_slot,0
491,491,24,5,english,middle,st_21,Teacher_10,1,english,seasonal_slot,0
492,492,24,8,social_science,middle,st_24,Teacher_2,0,social_science,seasonal_slot,0
493,493,24,5,math,12_high,st_25,Teacher_8,1,math,sd_slot,0
494,494,24,6,english,middle,st_31,Teacher_10,1,english,sd_slot,0
495,495,24,6,math,middle,st_32,Teacher_9,1,math,sd_slot,0
496,496,24,8,english,middle,st_39,Teacher_10,0,english,seasonal_slot,0
497,497,24,6,math,middle,st_43,Teacher_6,1,math,seasonal_slot,0
498,498,24,7,science,middle,st_46,Teacher_11,1,science,seasonal_slot,1
499,499,24,8,social_science,middle,st_47,Teacher_2,0,social_science,seasonal_slot,0
500,500,24,8,literature,middle,st_48,Teacher_3,0,literature,sd_slot,0
501,501,24,5,english,middle,st_48,Teacher_10,1,english,seasonal_slot,0
502,502,24,7,science,middle,st_48,Teacher_11,1,science,seasonal_slot,1
503,503,24,7,social_science,middle,st_49,Teacher_3,1,social_science,seasonal_slot,0
504,504,24,5,math,middle,st_49,Teacher_4,1,math,seasonal_slot,0
505,505,24,6,math,middle,st_49,Teacher_6,1,math,sd_slot,0
506,506,25,8,literature+science+social_science,middle,st_1,Teacher_2,0,science,seasonal_slot,0
507,507,25,5,math,middle,st_1,Teacher_8,1,math,seasonal_slot,0
508,508,25,6,english,middle,st_1,Teacher_9,1,english,seasonal_slot,0
509,509,25,7,literature,middle,st_4,Teacher_2,1,literature,sd_slot,0
510,510,25,5,math,middle,st_4,Teacher_9,1,math,seasonal_slot,0
511,511,25,6,english,middle,st_4,Teacher_9,1,english,seasonal_slot,0
512,512,25,8,literature+science+social_science,middle,st_5,Teacher_2,0,literature,seasonal_slot,0
513,513,25,9,social_science,middle,st_6,Teacher_2,0,social_science,seasonal_slot,0
514,514,25,6,social_science,middle,st_8,Teacher_3,1,social_science,seasonal_slot,0
515,515,25,5,math,middle,st_8,Teacher_8,1,math,seasonal_slot,0
516,516,25,7,social_science,middle,st_11,Teacher_3,1,social_science,seasonal_slot,0
517,517,25,8,english,middle,st_11,Teacher_7,0,english,seasonal_slot,0
518,518,25,9,english,middle,st_11,Teacher_8,0,english,seasonal_slot,0
519,519,25,8,math,middle,st_12,Teacher_8,0,math,seasonal_slot,0
520,520,25,9,science,middle,st_12,Teacher_11,0,science,seasonal_slot,1
521,521,25,9,social_science,middle,st_13,Teacher_2,0,social_science,seasonal_slot,0
522,522,25,8,literature+science+social_science,middle,st_13,Teacher_2,0,literature,seasonal_slot,0
523,523,25,9,social_science,middle,st_15,Teacher_2,0,social_science,seasonal_slot,0
524,524,25,8,science,middle,st_15,Teacher_3,0,science,seasonal_slot,0
525,525,25,6,social_science,middle,st_16,Teacher_3,1,social_science,sd_slot,0
526,526,25,7,math,middle,st_16,Teacher_9,1,math,seasonal_slot,0
527,527,25,9,social_science,middle,st_17,Teacher_2,0,social_science,seasonal_slot,0
528,528,25,7,social_science,middle,st_17,Teacher_3,1,social_science,seasonal_slot,0
529,529,25,8,literature+science+social_science,middle,st_18,Teacher_2,0,science,seasonal_slot,0
530,530,25,7,math,middle,st_18,Teacher_5,1,math,seasonal_slot,0
531,531,25,6,math,middle,st_18,Teacher_7,1,math,sd_slot,0
532,532,25,8,literature+science+social_science,middle,st_21,Teacher_2,0,social_science,seasonal_slot,0
533,533,25,5,math,middle,st_21,Teacher_4,1,math,seasonal_slot,0
534,534,25,7,science,middle,st_21,Teacher_11,1,science,seasonal_slot,1
535,535,25,8,science,middle,st_24,Teacher_3,0,science,seasonal_slot,0
536,536,25,9,math,middle,st_24,Teacher_7,0,math,seasonal_slot,0
537,537,25,6,math,12_high,st_25,Teacher_8,1,math,sd_slot,0
538,538,25,9,science,middle,st_29,Teacher_11,0,science,sd_slot,1
539,539,25,6,math,middle,st_31,Teacher_7,1,math,sd_slot,0
540,540,25,6,math,middle,st_32,Teacher_7,1,math,sd_slot,0
541,541,25,8,math,middle,st_36,Teacher_4,0,math,seasonal_slot,0
542,542,25,7,math,middle,st_36,Teacher_8,1,math,seasonal_slot,0
543,543,25,9,english,middle,st_38,Teacher_8,0,english,seasonal_slot,0
544,544,25,7,science,middle,st_39,Teacher_11,1,science,sd_slot,1
545,545,25,9,math,middle,st_43,Teacher_7,0,math,seasonal_slot,0
546,546,25,6,english,middle,st_43,Teacher_9,1,english,sd_slot,0
547,547,25,5,math,elemetary,st_44,Teacher_5,1,math,sd_slot,0
548,548,25,9,science,middle,st_47,Teacher_11,0,science,seasonal_slot,1
549,549,25,8,science,middle,st_48,Teacher_3,0,science,seasonal_slot,0
550,550,25,5,english,middle,st_48,Teacher_7,1,english,seasonal_slot,0
551,551,25,7,science,middle,st_48,Teacher_11,1,science,seasonal_slot,1
552,552,25,7,literature,middle,st_49,Teacher_2,1,literature,seasonal_slot,0
553,553,25,5,math,middle,st_49,Teacher_4,1,math,sd_slot,0
554,554,25,7,literature,middle,st_53,Teacher_2,1,literature,seasonal_slot,0
555,555,25,6,math,middle,st_53,Teacher_5,1,math,seasonal_slot,0
556,556,26,5,math,middle,st_1,Teacher_8,1,math,seasonal_slot,0
557,557,26,6,english,middle,st_1,Teacher_8,1,english,seasonal_slot,0
558,558,26,8,science,middle,st_1,Teacher_11,0,science,seasonal_slot,1
559,559,26,6,math,middle,st_4,Teacher_5,1,math,seasonal_slot,0
560,560,26,5,math,middle,st_4,Teacher_8,1,math,seasonal_slot,0
561,561,26,8,math,middle,st_4,Teacher_9,0,math,sd_slot,0
562,562,26,9,english,middle,st_6,Teacher_9,0,english,sd_slot,0
563,563,26,5,math,middle,st_8,Teacher_4,1,math,sd_slot,0
564,564,26,8,science,middle,st_8,Teacher_11,0,science,seasonal_slot,1
565,565,26,6,literature+science+social_science,middle,st_11,Teacher_2,1,literature,sd_slot,0
566,566,26,8,english,middle,st_11,Teacher_7,0,english,seasonal_slot,0
567,567,26,7,social_science,middle,st_11,Teacher_11,1,social_science,seasonal_slot,1
568,568,26,7,literature+science+social_science,middle,st_12,Teacher_2,1,science,seasonal_slot,0
569,569,26,9,math,middle,st_12,Teacher_8,0,math,seasonal_slot,0
570,570,26,5,math,middle,st_13,Teacher_4,1,math,seasonal_slot,0
571,571,26,9,english,middle,st_13,Teacher_9,0,english,seasonal_slot,0
572,572,26,6,math,middle,st_15,Teacher_5,1,math,sd_slot,0
573,573,26,7,english,middle,st_15,Teacher_5,1,english,sd_slot,0
574,574,26,7,math,middle,st_16,Teacher_4,1,math,seasonal_slot,0
575,575,26,6,english,middle,st_16,Teacher_7,1,english,seasonal_slot,0
576,576,26,6,social_science,middle,st_17,Teacher_3,1,social_science,seasonal_slot,0
577,577,26,5,english,middle,st_17,Teacher_9,1,english,seasonal_slot,0
578,578,26,8,science,middle,st_17,Teacher_11,0,science,seasonal_slot,1
579,579,26,6,literature+science+social_science,middle,st_18,Teacher_2,1,social_science,seasonal_slot,0
580,580,26,8,english,middle,st_18,Teacher_7,0,english,sd_slot,0
581,581,26,9,math,middle,st_21,Teacher_8,0,math,seasonal_slot,0
582,582,26,5,english,middle,st_21,Teacher_9,1,english,seasonal_slot,0
583,583,26,7,social_science,middle,st_21,Teacher_11,1,social_science,seasonal_slot,1
584,584,26,9,math,middle,st_24,Teacher_8,0,math,seasonal_slot,0
585,585,26,8,science,middle,st_24,Teacher_11,0,science,seasonal_slot,1
586,586,26,8,math,12_high,st_25,Teacher_8,0,math,sd_slot,0
587,587,26,6,literature+science+social_science,middle,st_26,Teacher_2,1,literature,sd_slot,0
588,588,26,5,math,middle,st_26,Teacher_8,1,math,sd_slot,0
589,589,26,9,english,middle,st_33,Teacher_7,0,english,sd_slot,0
590,590,26,9,english,middle,st_35,Teacher_7,0,english,sd_slot,0
591,591,26,6,english,middle,st_36,Teacher_7,1,english,sd_slot,0
592,592,26,8,science,middle,st_36,Teacher_11,0,science,seasonal_slot,1
593,593,26,9,math,middle,st_37,Teacher_4,0,math,sd_slot,0
594,594,26,9,english,middle,st_38,Teacher_7,0,english,sd_slot,0
595,595,26,9,math,middle,st_39,Teacher_4,0,math,sd_slot,0
596,596,26,7,social_science,middle,st_39,Teacher_11,1,social_science,sd_slot,1
597,597,26,5,math,middle,st_42,Teacher_7,1,math,sd_slot,0
598,598,26,5,math,middle,st_48,Teacher_7,1,math,seasonal_slot,0
599,599,26,6,english,middle,st_48,Teacher_8,1,english,seasonal_slot,0
600,600,26,7,literature+science+social_science,middle,st_49,Teacher_2,1,science,seasonal_slot,0
601,601,26,5,math,middle,st_49,Teacher_7,1,math,sd_slot,0
602,602,26,6,science,middle,st_49,Teacher_11,1,science,seasonal_slot,1
603,603,26,7,math,middle,st_50,Teacher_9,1,math,sd_slot,0
604,604,26,7,math,elemetary,st_51,Teacher_3,1,math,sd_slot,0
605,605,26,7,math,middle,st_53,Teacher_7,1,math,seasonal_slot,0
606,606,26,8,english,middle,st_53,Teacher_7,0,english,sd_slot,0
607,607,26,9,english,middle,st_54,Teacher_9,0,english,sd_slot,0
608,608,26,8,science,middle,st_54,Teacher_11,0,science,seasonal_slot,1
609,609,27,3,math,middle,st_8,Teacher_1,1,math,sd_slot,0
610,610,27,1,math,middle,st_12,Teacher_1,1,math,sd_slot,0
611,611,27,1,math,middle,st_16,Teacher_1,1,math,sd_slot,0
612,612,27,1,math,middle,st_24,Teacher_1,1,math,seasonal_slot,0
613,613,27,3,math,middle,st_38,Teacher_1,1,math,seasonal_slot,0
614,614,27,3,math,middle,st_54,Teacher_1,1,math,seasonal_slot,0
615,615,34,8,science,middle,st_1,Teacher_3,0,science,seasonal_slot,0
616,616,34,9,english,middle,st_1,Teacher_4,0,english,sd_slot,0
617,617,34,7,social_science,middle,st_1,Teacher_11,1,social_science,seasonal_slot,1
618,618,34,7,literature,middle,st_4,Teacher_2,1,literature,sd_slot,0
619,619,34,9,literature,middle,st_4,Teacher_2,0,literature,sd_slot,0
620,620,34,8,english,middle,st_4,Teacher_9,0,english,seasonal_slot,0
621,621,34,8,literature,middle,st_5,Teacher_2,0,literature,seasonal_slot,0
622,622,34,9,science,middle,st_6,Teacher_3,0,science,seasonal_slot,0
623,623,34,5,math,middle,st_8,Teacher_4,1,math,sd_slot,0
624,624,34,9,social_science,middle,st_8,Teacher_11,0,social_science,seasonal_slot,1
625,625,34,8,math,middle,st_11,Teacher_4,0,math,seasonal_slot,0
626,626,34,9,english,middle,st_11,Teacher_9,0,english,seasonal_slot,0
627,627,34,7,social_science,middle,st_11,Teacher_11,1,social_science,sd_slot,1
628,628,34,7,math,middle,st_12,Teacher_9,1,math,sd_slot,0
629,629,34,9,english,middle,st_12,Teacher_9,0,english,seasonal_slot,0
630,630,34,5,math,middle,st_13,Teacher_4,1,math,seasonal_slot,0
631,631,34,6,english,middle,st_13,Teacher_4,1,english,sd_slot,0
632,632,34,5,math,middle,st_16,Teacher_5,1,math,sd_slot,0
633,633,34,6,english,middle,st_16,Teacher_7,1,english,sd_slot,0
634,634,34,7,science,middle,st_17,Teacher_3,1,science,seasonal_slot,0
635,635,34,6,math,middle,st_17,Teacher_5,1,math,seasonal_slot,0
636,636,34,5,english,middle,st_17,Teacher_9,1,english,seasonal_slot,0
637,637,34,7,literature,middle,st_18,Teacher_2,1,literature,seasonal_slot,0
638,638,34,8,math,middle,st_18,Teacher_5,0,math,sd_slot,0
639,639,34,6,english,middle,st_18,Teacher_7,1,english,sd_slot,0
640,640,34,9,english,middle,st_19,Teacher_4,0,english,sd_slot,0
641,641,34,6,english,middle,st_21,Teacher_4,1,english,seasonal_slot,0
642,642,34,5,math,middle,st_21,Teacher_5,1,math,seasonal_slot,0
643,643,34,9,math,middle,st_21,Teacher_5,0,math,sd_slot,0
644,644,34,8,math,middle,st_24,Teacher_4,0,math,seasonal_slot,0
645,645,34,9,math,middle,st_24,Teacher_5,0,math,sd_slot,0
646,646,34,9,english,middle,st_29,Teacher_6,0,english,sd_slot,0
647,647,34,6,english,middle,st_31,Teacher_9,1,english,sd_slot,0
648,648,34,6,english,middle,st_32,Teacher_9,1,english,sd_slot,0
649,649,34,8,math,middle,st_36,Teacher_5,0,math,sd_slot,0
650,650,34,9,math,middle,st_38,Teacher_5,0,math,sd_slot,0
651,651,34,6,english,middle,st_39,Teacher_6,1,english,seasonal_slot,0
652,652,34,8,english,middle,st_39,Teacher_9,0,english,seasonal_slot,0
653,653,34,5,math,middle,st_42,Teacher_5,1,math,sd_slot,0
654,654,34,8,math,middle,st_43,Teacher_4,0,math,sd_slot,0
655,655,34,7,math,middle,st_43,Teacher_9,1,math,sd_slot,0
656,656,34,7,literature,middle,st_46,Teacher_2,1,literature,seasonal_slot,0
657,657,34,5,english,middle,st_46,Teacher_9,1,english,seasonal_slot,0
658,658,34,8,literature,middle,st_48,Teacher_2,0,literature,sd_slot,0
659,659,34,6,math,middle,st_48,Teacher_5,1,math,sd_slot,0
660,660,34,5,english,middle,st_48,Teacher_9,1,english,seasonal_slot,0
661,661,34,5,english,middle,st_49,Teacher_6,1,english,seasonal_slot,0
662,662,34,7,social_science,middle,st_49,Teacher_11,1,social_science,seasonal_slot,1
663,663,34,7,math,elemetary,st_52,Teacher_5,1,math,sd_slot,0
664,664,34,7,literature,middle,st_53,Teacher_2,1,literature,seasonal_slot,0
665,665,34,6,math,middle,st_53,Teacher_5,1,math,seasonal_slot,0
666,666,35,7,science,middle,st_3,Teacher_3,1,science,sd_slot,0
667,667,35,9,literature+science+social_science,middle,st_4,Teacher_2,0,science,seasonal_slot,0
668,668,35,8,literature,middle,st_4,Teacher_3,0,literature,sd_slot,0
669,669,35,6,english,middle,st_4,Teacher_6,1,english,seasonal_slot,0
670,670,35,8,literature,middle,st_5,Teacher_3,0,literature,seasonal_slot,0
671,671,35,9,math,middle,st_6,Teacher_4,0,math,seasonal_slot,0
672,672,35,9,science,middle,st_8,Teacher_3,0,science,seasonal_slot,0
673,673,35,5,math,middle,st_8,Teacher_4,1,math,sd_slot,0
674,674,35,9,literature+science+social_science,middle,st_11,Teacher_2,0,science,seasonal_slot,0
675,675,35,6,science,middle,st_11,Teacher_3,1,science,seasonal_slot,0
676,676,35,7,english,middle,st_11,Teacher_6,1,english,sd_slot,0
677,677,35,7,science,middle,st_12,Teacher_3,1,science,seasonal_slot,0
678,678,35,8,english,middle,st_12,Teacher_9,0,english,sd_slot,0
679,679,35,5,math,middle,st_13,Teacher_4,1,math,sd_slot,0
680,680,35,7,math,middle,st_13,Teacher_5,1,math,sd_slot,0
681,681,35,6,math,middle,st_15,Teacher_5,1,math,sd_slot,0
682,682,35,8,science,middle,st_15,Teacher_11,0,science,seasonal_slot,1
683,683,35,6,social_science,middle,st_16,Teacher_2,1,social_science,sd_slot,0
684,684,35,5,english,middle,st_16,Teacher_9,1,english,sd_slot,0
685,685,35,6,science,middle,st_17,Teacher_3,1,science,seasonal_slot,0
686,686,35,7,math,middle,st_17,Teacher_5,1,math,seasonal_slot,0
687,687,35,9,social_science,middle,st_17,Teacher_11,0,social_science,seasonal_slot,1
688,688,35,7,social_science,middle,st_18,Teacher_2,1,social_science,seasonal_slot,0
689,689,35,6,english,middle,st_18,Teacher_6,1,english,sd_slot,0
690,690,35,7,science,middle,st_21,Teacher_3,1,science,seasonal_slot,0
691,691,35,8,math,middle,st_21,Teacher_10,0,math,sd_slot,0
692,692,35,9,social_science,middle,st_21,Teacher_11,0,social_science,sd_slot,1
693,693,35,8,english,middle,st_24,Teacher_7,0,english,seasonal_slot,0
694,694,35,9,social_science,middle,st_24,Teacher_11,0,social_science,seasonal_slot,1
695,695,35,9,english,12_high,st_25,Teacher_7,0,english,sd_slot,0
696,696,35,6,math,middle,st_31,Teacher_7,1,math,sd_slot,0
697,697,35,7,social_science,middle,st_36,Teacher_2,1,social_science,seasonal_slot,0
698,698,35,8,english,middle,st_36,Teacher_7,0,english,sd_slot,0
699,699,35,5,math,middle,st_37,Teacher_4,1,math,sd_slot,0
700,700,35,9,math,middle,st_38,Teacher_4,0,math,sd_slot,0
701,701,35,7,english,middle,st_39,Teacher_6,1,english,sd_slot,0
702,702,35,8,math,middle,st_39,Teacher_10,0,math,sd_slot,0
703,703,35,6,social_science,middle,st_46,Teacher_2,1,social_science,seasonal_slot,0
704,704,35,9,math,middle,st_47,Teacher_4,0,math,seasonal_slot,0
705,705,35,5,english,middle,st_47,Teacher_9,1,english,seasonal_slot,0
706,706,35,8,social_science,middle,st_48,Teacher_2,0,social_science,seasonal_slot,0
707,707,35,5,english,middle,st_48,Teacher_10,1,english,seasonal_slot,0
708,708,35,7,social_science,middle,st_48,Teacher_11,1,social_science,seasonal_slot,1
709,709,35,6,social_science,middle,st_49,Teacher_2,1,social_science,seasonal_slot,0
710,710,35,7,science,middle,st_49,Teacher_3,1,science,seasonal_slot,0
711,711,35,5,english,middle,st_49,Teacher_9,1,english,seasonal_slot,0
712,712,35,6,math,elemetary,st_52,Teacher_10,1,math,sd_slot,0
713,713,35,8,math,middle,st_53,Teacher_10,0,math,sd_slot,0
714,714,35,6,science,middle,st_53,Teacher_11,1,science,seasonal_slot,1
715,715,35,8,science,middle,st_54,Teacher_11,0,science,seasonal_slot,1
716,716,35,9,social_science,middle,st_54,Teacher_11,0,social_science,seasonal_slot,1
717,717,36,8,science,middle,st_1,Teacher_3,0,science,seasonal_slot,0
718,718,36,6,social_science,middle,st_1,Teacher_3,1,social_science,seasonal_slot,0
719,719,36,9,science,middle,st_1,Teacher_11,0,science,seasonal_slot,1
720,720,36,7,math,middle,st_3,Teacher_4,1,math,seasonal_slot,0
721,721,36,6,literature+science+social_science,middle,st_4,Teacher_2,1,science,seasonal_slot,0
722,722,36,5,math,middle,st_4,Teacher_4,1,math,sd_slot,0
723,723,36,7,math,middle,st_4,Teacher_4,1,math,sd_slot,0
724,724,36,9,english,middle,st_6,Teacher_5,0,english,sd_slot,0
725,725,36,8,social_science,middle,st_8,Teacher_2,0,social_science,seasonal_slot,0
726,726,36,6,science,middle,st_8,Teacher_11,1,science,seasonal_slot,1
727,727,36,9,english,high,st_10,Teacher_7,0,english,seasonal_slot,0
728,728,36,8,social_science,middle,st_11,Teacher_2,0,social_science,sd_slot,0
729,729,36,9,science,middle,st_11,Teacher_11,0,science,sd_slot,1
730,730,36,7,social_science,middle,st_11,Teacher_11,1,social_science,sd_slot,1
731,731,36,9,math,middle,st_12,Teacher_6,0,math,sd_slot,0
732,732,36,8,english,middle,st_12,Teacher_9,0,english,sd_slot,0
733,733,36,6,social_science,middle,st_15,Teacher_3,1,social_science,seasonal_slot,0
734,734,36,9,science,middle,st_15,Teacher_11,0,science,seasonal_slot,1
735,735,36,6,social_science,middle,st_16,Teacher_3,1,social_science,sd_slot,0
736,736,36,7,social_science,middle,st_16,Teacher_11,1,social_science,sd_slot,1
737,737,36,8,math,middle,st_17,Teacher_5,0,math,sd_slot,0
738,738,36,5,math,middle,st_17,Teacher_6,1,math,sd_slot,0
739,739,36,7,social_science,middle,st_17,Teacher_11,1,social_science,seasonal_slot,1
740,740,36,8,social_science,middle,st_18,Teacher_2,0,social_science,seasonal_slot,0
741,741,36,7,science,middle,st_18,Teacher_3,1,science,seasonal_slot,0
742,742,36,6,science,middle,st_18,Teacher_11,1,science,seasonal_slot,1
743,743,36,6,math,middle,st_21,Teacher_4,1,math,sd_slot,0
744,744,36,5,math,middle,st_21,Teacher_5,1,math,sd_slot,0
745,745,36,9,science,middle,st_21,Teacher_11,0,science,sd_slot,1
746,746,36,9,english,middle,st_24,Teacher_5,0,english,seasonal_slot,0
747,747,36,8,english,middle,st_24,Teacher_9,0,english,seasonal_slot,0
748,748,36,6,english,middle,st_32,Teacher_9,1,english,sd_slot,0
749,749,36,7,english,middle,st_36,Teacher_6,1,english,sd_slot,0
750,750,36,9,math,middle,st_38,Teacher_9,0,math,sd_slot,0
751,751,36,7,math,middle,st_39,Teacher_4,1,math,sd_slot,0
752,752,36,9,english,middle,st_39,Teacher_5,0,english,sd_slot,0
753,753,36,8,science,middle,st_43,Teacher_3,0,science,seasonal_slot,0
754,754,36,8,literature,elemetary,st_44,Teacher_4,0,literature,sd_slot,0
755,755,36,7,literature,elemetary,st_45,Teacher_9,1,literature,sd_slot,0
756,756,36,5,math,middle,st_46,Teacher_6,1,math,sd_slot,0
757,757,36,7,social_science,middle,st_46,Teacher_11,1,social_science,seasonal_slot,1
758,758,36,9,english,middle,st_47,Teacher_4,0,english,seasonal_slot,0
759,759,36,5,english,middle,st_47,Teacher_9,1,english,sd_slot,0
760,760,36,8,social_science,middle,st_48,Teacher_2,0,social_science,seasonal_slot,0
761,761,36,6,science,middle,st_48,Teacher_11,1,science,seasonal_slot,1
762,762,36,7,social_science,middle,st_48,Teacher_11,1,social_science,seasonal_slot,1
763,763,36,5,english,middle,st_49,Teacher_9,1,english,seasonal_slot,0
764,764,36,6,science,middle,st_49,Teacher_11,1,science,seasonal_slot,1
765,765,36,8,social_science,middle,st_53,Teacher_2,0,social_science,seasonal_slot,0
766,766,36,6,social_science,middle,st_53,Teacher_3,1,social_science,seasonal_slot,0
767,767,37,6,math,middle,st_1,Teacher_4,1,math,seasonal_slot,0
768,768,37,9,math,middle,st_1,Teacher_4,0,math,sd_slot,0
769,769,37,7,math,middle,st_1,Teacher_9,1,math,sd_slot,0
770,770,37,6,literature+science+social_science,middle,st_4,Teacher_2,1,social_science,sd_slot,0
771,771,37,7,english,middle,st_4,Teacher_4,1,english,sd_slot,0
772,772,37,5,english,middle,st_4,Teacher_10,1,english,sd_slot,0
773,773,37,9,math,middle,st_6,Teacher_4,0,math,seasonal_slot,0
774,774,37,7,literature+science+social_science,middle,st_8,Teacher_2,1,social_science,seasonal_slot,0
775,775,37,9,english,middle,st_8,Teacher_10,0,english,seasonal_slot,0
776,776,37,7,literature+science+social_science,middle,st_11,Teacher_2,1,social_science,sd_slot,0
777,777,37,8,math,middle,st_11,Teacher_4,0,math,sd_slot,0
778,778,37,9,english,middle,st_11,Teacher_10,0,english,sd_slot,0
779,779,37,7,literature+science+social_science,middle,st_12,Teacher_2,1,science,seasonal_slot,0
780,780,37,8,english,middle,st_12,Teacher_6,0,english,sd_slot,0
781,781,37,6,english,middle,st_13,Teacher_6,1,english,sd_slot,0
782,782,37,8,math,middle,st_15,Teacher_4,0,math,sd_slot,0
783,783,37,6,math,middle,st_15,Teacher_5,1,math,sd_slot,0
784,784,37,8,science,middle,st_17,Teacher_3,0,science,sd_slot,0
785,785,37,6,science,middle,st_17,Teacher_11,1,science,sd_slot,1
786,786,37,8,science,middle,st_18,Teacher_3,0,science,seasonal_slot,0
787,787,37,6,math,middle,st_18,Teacher_5,1,math,sd_slot,0
788,788,37,7,literature+science+social_science,middle,st_21,Teacher_2,1,social_science,sd_slot,0
789,789,37,5,english,middle,st_21,Teacher_9,1,english,seasonal_slot,0
790,790,37,6,english,middle,st_21,Teacher_10,1,english,seasonal_slot,0
791,791,37,8,math,middle,st_24,Teacher_5,0,math,sd_slot,0
792,792,37,9,math,middle,st_24,Teacher_6,0,math,sd_slot,0
793,793,37,6,literature+science+social_science,middle,st_26,Teacher_2,1,literature,sd_slot,0
794,794,37,9,english,middle,st_29,Teacher_5,0,english,sd_slot,0
795,795,37,6,english,middle,st_31,Teacher_6,1,english,sd_slot,0
796,796,37,9,english,middle,st_33,Teacher_5,0,english,sd_slot,0
797,797,37,8,english,middle,st_33,Teacher_6,0,english,sd_slot,0
798,798,37,8,math,middle,st_35,Teacher_5,0,math,sd_slot,0
799,799,37,9,english,middle,st_35,Teacher_5,0,english,sd_slot,0
800,800,37,8,math,middle,st_36,Teacher_4,0,math,sd_slot,0
801,801,37,7,math,middle,st_36,Teacher_9,1,math,sd_slot,0
802,802,37,9,english,middle,st_38,Teacher_10,0,english,sd_slot,0
803,803,37,7,literature+science+social_science,middle,st_39,Teacher_2,1,social_science,sd_slot,0
804,804,37,8,english,middle,st_39,Teacher_9,0,english,sd_slot,0
805,805,37,9,math,middle,st_43,Teacher_6,0,math,sd_slot,0
806,806,37,6,science,middle,st_46,Teacher_11,1,science,seasonal_slot,1
807,807,37,7,literature+science+social_science,middle,st_47,Teacher_2,1,science,seasonal_slot,0
808,808,37,5,english,middle,st_47,Teacher_9,1,english,sd_slot,0
809,809,37,5,english,middle,st_48,Teacher_10,1,english,sd_slot,0
810,810,37,6,science,middle,st_48,Teacher_11,1,science,seasonal_slot,1
811,811,37,7,literature+science+social_science,middle,st_49,Teacher_2,1,social_science,seasonal_slot,0
812,812,37,5,english,middle,st_49,Teacher_5,1,english,seasonal_slot,0
813,813,37,8,science,middle,st_54,Teacher_3,0,science,seasonal_slot,0
814,814,37,9,math,middle,st_54,Teacher_6,0,math,sd_slot,0
815,815,39,7,social_science,middle,st_1,Teacher_3,0,social_science,seasonal_slot,0
816,816,39,9,english,middle,st_1,Teacher_4,0,english,sd_slot,0
817,817,39,8,english,middle,st_1,Teacher_6,0,english,sd_slot,0
818,818,39,7,literature+science+social_science,middle,st_4,Teacher_2,0,social_science,sd_slot,0
819,819,39,5,english,middle,st_4,Teacher_5,0,english,sd_slot,0
820,820,39,9,math,middle,st_6,Teacher_9,0,math,seasonal_slot,0
821,821,39,7,math,middle,st_7,Teacher_5,0,math,sd_slot,0
822,822,39,6,social_science,middle,st_8,Teacher_2,0,social_science,seasonal_slot,0
823,823,39,9,english,middle,st_8,Teacher_4,0,english,seasonal_slot,0
824,824,39,9,math,middle,st_11,Teacher_9,0,math,sd_slot,0
825,825,39,7,science,middle,st_11,Teacher_11,0,science,sd_slot,1
826,826,39,7,literature+science+social_science,middle,st_12,Teacher_2,0,social_science,seasonal_slot,0
827,827,39,8,math,middle,st_12,Teacher_4,0,math,sd_slot,0
828,828,39,7,literature+science+social_science,middle,st_13,Teacher_2,0,science,seasonal_slot,0
829,829,39,6,math,middle,st_13,Teacher_9,0,math,sd_slot,0
830,830,39,7,science,middle,st_15,Teacher_11,0,science,sd_slot,1
831,831,39,8,social_science,middle,st_15,Teacher_11,0,social_science,seasonal_slot,1
832,832,39,6,english,middle,st_16,Teacher_4,0,english,sd_slot,0
833,833,39,5,english,middle,st_16,Teacher_5,0,english,sd_slot,0
834,834,39,9,english,middle,st_17,Teacher_5,0,english,sd_slot,0
835,835,39,5,math,middle,st_17,Teacher_7,0,math,sd_slot,0
836,836,39,6,english,middle,st_17,Teacher_7,0,english,sd_slot,0
837,837,39,6,science,middle,st_18,Teacher_3,0,science,seasonal_slot,0
838,838,39,8,english,middle,st_18,Teacher_6,0,english,sd_slot,0
839,839,39,7,science,middle,st_18,Teacher_11,0,science,seasonal_slot,1
840,840,39,5,english,middle,st_21,Teacher_4,0,english,seasonal_slot,0
841,841,39,9,english,middle,st_21,Teacher_5,0,english,seasonal_slot,0
842,842,39,7,english,middle,st_21,Teacher_6,0,english,seasonal_slot,0
843,843,39,8,science,middle,st_24,Teacher_3,0,science,seasonal_slot,0
844,844,39,9,math,middle,st_24,Teacher_7,0,math,sd_slot,0
845,845,39,9,math,middle,st_29,Teacher_9,0,math,seasonal_slot,0
846,846,39,6,english,middle,st_31,Teacher_7,0,english,sd_slot,0
847,847,39,6,english,middle,st_32,Teacher_4,0,english,sd_slot,0
848,848,39,8,math,middle,st_36,Teacher_5,0,math,sd_slot,0
849,849,39,6,english,middle,st_36,Teacher_7,0,english,sd_slot,0
850,850,39,9,english,middle,st_38,Teacher_6,0,english,sd_slot,0
851,851,39,8,math,middle,st_39,Teacher_5,0,math,sd_slot,0
852,852,39,9,math,middle,st_43,Teacher_7,0,math,sd_slot,0
853,853,39,6,literature,elemetary,st_45,Teacher_5,0,literature,sd_slot,0
854,854,39,7,literature+science+social_science,middle,st_47,Teacher_2,0,social_science,seasonal_slot,0
855,855,39,8,social_science,middle,st_47,Teacher_11,0,social_science,seasonal_slot,1
856,856,39,7,english,middle,st_48,Teacher_6,0,english,sd_slot,0
857,857,39,5,math,middle,st_48,Teacher_7,0,math,sd_slot,0
858,858,39,8,social_science,middle,st_48,Teacher_11,0,social_science,seasonal_slot,1
859,859,39,6,social_science,middle,st_49,Teacher_2,0,social_science,seasonal_slot,0
860,860,39,5,math,middle,st_49,Teacher_7,0,math,sd_slot,0
861,861,39,6,math,elemetary,st_52,Teacher_11,0,math,sd_slot,1
862,862,39,8,math,middle,st_53,Teacher_5,0,math,sd_slot,0
863,863,39,9,math,middle,st_53,Teacher_7,0,math,sd_slot,0
864,864,40,9,math,middle,st_1,Teacher_6,0,math,sd_slot,0
865,865,40,9,science,middle,st_6,Teacher_2,0,science,seasonal_slot,0
866,866,40,8,english,middle,st_6,Teacher_4,0,english,sd_slot,0
867,867,40,8,english,middle,st_8,Teacher_7,0,english,sd_slot,0
868,868,40,8,english,middle,st_11,Teacher_7,0,english,sd_slot,0
869,869,40,9,science,middle,st_12,Teacher_2,0,science,seasonal_slot,0
870,870,40,8,english,middle,st_13,Teacher_7,0,english,sd_slot,0
871,871,40,9,science,middle,st_15,Teacher_3,0,science,sd_slot,0
872,872,40,8,math,middle,st_15,Teacher_9,0,math,sd_slot,0
873,873,40,9,math,middle,st_16,Teacher_7,0,math,sd_slot,0
874,874,40,8,english,middle,st_21,Teacher_4,0,english,sd_slot,0
875,875,40,9,science,middle,st_24,Teacher_2,0,science,seasonal_slot,0
876,876,40,9,math,middle,st_33,Teacher_6,0,math,sd_slot,0
877,877,40,9,english,middle,st_35,Teacher_5,0,english,sd_slot,0
878,878,40,9,math,middle,st_38,Teacher_6,0,math,sd_slot,0
879,879,40,9,english,middle,st_39,Teacher_5,0,english,sd_slot,0
880,880,40,8,math,middle,st_48,Teacher_9,0,math,sd_slot,0
881,881,40,8,english,middle,st_49,Teacher_6,0,english,seasonal_slot,0
882,882,40,8,math,middle,st_50,Teacher_9,0,math,sd_slot,0
883,883,40,8,math,elemetary,st_51,Teacher_5,0,math,sd_slot,0
884,884,40,8,english,middle,st_54,Teacher_6,0,english,sd_slot,0
885,885,40,9,math,middle,st_54,Teacher_7,0,math,sd_slot,0
886,886,41,9,english,middle,st_1,Teacher_4,0,english,sd_slot,0
887,887,41,9,science,middle,st_4,Teacher_3,0,science,seasonal_slot,0
888,888,41,8,english,middle,st_4,Teacher_9,0,english,sd_slot,0
889,889,41,9,science,middle,st_8,Teacher_3,0,science,seasonal_slot,0
890,890,41,8,english,middle,st_8,Teacher_9,0,english,sd_slot,0
891,891,41,8,english,middle,st_11,Teacher_6,0,english,sd_slot,0
892,892,41,8,english,middle,st_13,Teacher_6,0,english,sd_slot,0
893,893,41,9,social_science,middle,st_13,Teacher_11,0,social_science,seasonal_slot,1
894,894,41,8,english,middle,st_15,Teacher_5,0,english,sd_slot,0
895,895,41,9,social_science,middle,st_15,Teacher_11,0,social_science,seasonal_slot,1
896,896,41,8,english,middle,st_17,Teacher_9,0,english,sd_slot,0
897,897,41,9,social_science,middle,st_17,Teacher_11,0,social_science,sd_slot,1
898,898,41,9,english,middle,st_19,Teacher_6,0,english,sd_slot,0
899,899,41,9,science,middle,st_21,Teacher_2,0,science,sd_slot,0
900,900,41,8,english,middle,st_21,Teacher_6,0,english,sd_slot,0
901,901,41,9,science,middle,st_24,Teacher_2,0,science,seasonal_slot,0
902,902,41,9,social_science,middle,st_29,Teacher_11,0,social_science,sd_slot,1
903,903,41,8,english,middle,st_48,Teacher_5,0,english,sd_slot,0
904,904,41,8,english,middle,st_49,Teacher_5,0,english,seasonal_slot,0
905,905,41,9,english,middle,st_53,Teacher_6,0,english,sd_slot,0
906,906,42,8,math,middle,st_4,Teacher_5,0,math,sd_slot,0
907,907,42,9,math,middle,st_6,Teacher_4,0,math,seasonal_slot,0
908,908,42,8,math,middle,st_7,Teacher_9,0,math,sd_slot,0
909,909,42,9,literature+science+social_science,middle,st_8,Teacher_2,0,social_science,seasonal_slot,0
910,910,42,8,english,middle,st_8,Teacher_4,0,english,sd_slot,0
911,911,42,8,math,middle,st_11,Teacher_9,0,math,sd_slot,0
912,912,42,9,science,middle,st_11,Teacher_11,0,science,sd_slot,1
913,913,42,9,literature+science+social_science,middle,st_13,Teacher_2,0,social_science,seasonal_slot,0
914,914,42,8,math,middle,st_13,Teacher_5,0,math,sd_slot,0
915,915,42,9,literature+science+social_science,middle,st_15,Teacher_2,0,social_science,sd_slot,0
916,916,42,8,english,middle,st_15,Teacher_7,0,english,sd_slot,0
917,917,42,9,english,middle,st_17,Teacher_7,0,english,sd_slot,0
918,918,42,9,math,middle,st_18,Teacher_6,0,math,sd_slot,0
919,919,42,8,english,middle,st_21,Teacher_7,0,english,sd_slot,0
920,920,42,9,english,middle,st_24,Teacher_7,0,english,seasonal_slot,0
921,921,42,9,english,middle,st_38,Teacher_5,0,english,sd_slot,0
922,922,42,8,english,middle,st_47,Teacher_4,0,english,sd_slot,0
923,923,42,8,math,middle,st_48,Teacher_9,0,math,sd_slot,0
924,924,42,8,english,middle,st_49,Teacher_7,0,english,seasonal_slot,0
925,925,42,9,math,middle,st_53,Teacher_6,0,math,sd_slot,0
926,926,42,8,math,middle,st_54,Teacher_5,0,math,sd_slot,0
927,927,42,9,science,middle,st_54,Teacher_11,0,science,sd_slot,1
928,928,43,9,science,middle,st_1,Teacher_3,0,science,seasonal_slot,0
929,929,43,8,math,middle,st_5,Teacher_9,0,math,sd_slot,0
930,930,43,8,english,middle,st_8,Teacher_5,0,english,sd_slot,0
931,931,43,9,science,middle,st_11,Teacher_3,0,science,sd_slot,0
932,932,43,8,math,middle,st_11,Teacher_9,0,math,sd_slot,0
933,933,43,9,english,middle,st_12,Teacher_5,0,english,sd_slot,0
934,934,43,9,social_science,middle,st_15,Teacher_2,0,social_science,sd_slot,0
935,935,43,8,english,middle,st_15,Teacher_5,0,english,sd_slot,0
936,936,43,9,math,middle,st_16,Teacher_7,0,math,sd_slot,0
937,937,43,9,social_science,middle,st_17,Teacher_2,0,social_science,sd_slot,0
938,938,43,8,math,middle,st_17,Teacher_9,0,math,sd_slot,0
939,939,43,9,science,middle,st_18,Teacher_3,0,science,seasonal_slot,0
940,940,43,8,english,middle,st_21,Teacher_6,0,english,sd_slot,0
941,941,43,9,social_science,middle,st_24,Teacher_2,0,social_science,seasonal_slot,0
942,942,43,8,math,12_high,st_25,Teacher_7,0,math,sd_slot,0
943,943,43,9,social_science,middle,st_36,Teacher_2,0,social_science,seasonal_slot,0
944,944,43,9,english,middle,st_43,Teacher_5,0,english,sd_slot,0
945,945,43,9,literature,elemetary,st_44,Teacher_11,0,literature,sd_slot,1
946,946,43,8,english,middle,st_47,Teacher_6,0,english,sd_slot,0
947,947,43,8,english,middle,st_48,Teacher_6,0,english,sd_slot,0
